fixture_id,variant_id,n,successes,failures,plaintext_bytes,ciphertext_bytes,envelope_bytes,seal_median_ns,seal_p95_ns,decrypt_median_ns,decrypt_p95_ns,client_download_median_ns,client_download_p95_ns,throughput_mib_s
binary-1kib,aes-128-cbc,30,30,0,1024,1040,1359,0,0,0,0,0,0,0.000
binary-1kib,aes-128-cfb128,30,30,0,1024,1024,1346,0,0,0,0,0,0,0.000
binary-1kib,aes-128-ctr,30,30,0,1024,1024,1343,0,0,0,0,0,0,0.000
binary-1kib,aes-128-ofb,30,30,0,1024,1024,1343,0,0,0,0,0,999800,0.000
binary-1kib,aes-192-cbc,30,30,0,1024,1040,1359,0,0,0,0,998700,0,0.978
binary-1kib,aes-192-cfb128,30,30,0,1024,1024,1346,0,0,0,0,999000,0,0.978
binary-1kib,aes-192-ctr,30,30,0,1024,1024,1343,0,0,0,0,0,997300,0.000
binary-1kib,aes-192-ofb,30,30,0,1024,1024,1343,0,0,0,0,0,0,0.000
binary-1kib,aes-256-cbc,30,30,0,1024,1040,1359,0,0,0,0,0,1007000,0.000
binary-1kib,aes-256-cfb128,30,30,0,1024,1024,1346,0,0,0,0,0,530400,0.000
binary-1kib,aes-256-ctr,30,30,0,1024,1024,1343,0,0,0,0,0,0,0.000
binary-1kib,aes-256-ofb,30,30,0,1024,1024,1343,0,0,0,0,0,0,0.000
binary-1kib,des-cbc,30,30,0,1024,1032,1335,0,0,0,0,0,1007000,0.000
binary-1kib,rc4-256,30,30,0,1024,1024,1315,0,0,0,0,1000300,1003700,0.976
binary-1mib,aes-128-cbc,30,30,0,1048576,1048592,1048914,3779500,3779500,1194000,0,23253500,19543100,43.004
binary-1mib,aes-128-cfb128,30,30,0,1048576,1048576,1048901,8827400,8827400,4397000,4326000,29539800,10819500,33.853
binary-1mib,aes-128-ctr,30,30,0,1048576,1048576,1048898,1978500,1978500,574000,552000,5141400,5660900,194.500
binary-1mib,aes-128-ofb,30,30,0,1048576,1048576,1048898,7164100,7164100,2438000,1974000,6659600,10299200,150.159
binary-1mib,aes-192-cbc,30,30,0,1048576,1048592,1048914,3551200,3551200,4227000,1489000,24382500,23361300,41.013
binary-1mib,aes-192-cfb128,30,30,0,1048576,1048576,1048901,5979500,5979500,6260000,4844000,11721800,9902200,85.311
binary-1mib,aes-192-ctr,30,30,0,1048576,1048576,1048898,3008000,3008000,0,0,4964500,5477900,201.430
binary-1mib,aes-192-ofb,30,30,0,1048576,1048576,1048898,2844900,2844900,2302000,3939000,9989300,11722200,100.107
binary-1mib,aes-256-cbc,30,30,0,1048576,1048592,1048914,2733100,2733100,2499000,1717000,11203200,10922800,89.260
binary-1mib,aes-256-cfb128,30,30,0,1048576,1048576,1048901,4506200,4506200,5532000,2020000,15047000,18831100,66.458
binary-1mib,aes-256-ctr,30,30,0,1048576,1048576,1048898,3667800,3667800,2482000,577000,23775300,8915200,42.060
binary-1mib,aes-256-ofb,30,30,0,1048576,1048576,1048898,6798000,6798000,3428000,1719000,10138200,8651500,98.637
binary-1mib,des-cbc,30,30,0,1048576,1048584,1048890,17164700,17164700,18701000,28770000,20833100,34099900,48.001
binary-1mib,rc4-256,30,30,0,1048576,1048576,1048870,8271400,8271400,5046000,3657000,25995000,10508600,38.469
binary-64kib,aes-128-cbc,30,30,0,65536,65552,65872,0,0,0,0,998100,1001600,62.619
binary-64kib,aes-128-cfb128,30,30,0,65536,65536,65859,0,0,0,995000,1122800,995800,55.664
binary-64kib,aes-128-ctr,30,30,0,65536,65536,65856,0,0,0,0,0,0,0.000
binary-64kib,aes-128-ofb,30,30,0,65536,65536,65856,1000100,1000100,0,0,1000200,0,62.488
binary-64kib,aes-192-cbc,30,30,0,65536,65552,65872,0,0,0,1042000,1003300,1042500,62.294
binary-64kib,aes-192-cfb128,30,30,0,65536,65536,65859,0,0,0,510000,1005700,1509500,62.146
binary-64kib,aes-192-ctr,30,30,0,65536,65536,65856,0,0,0,0,0,1331000,0.000
binary-64kib,aes-192-ofb,30,30,0,65536,65536,65856,0,0,0,0,0,0,0.000
binary-64kib,aes-256-cbc,30,30,0,65536,65552,65872,0,0,0,0,997600,0,62.650
binary-64kib,aes-256-cfb128,30,30,0,65536,65536,65859,0,0,0,0,0,1506000,0.000
binary-64kib,aes-256-ctr,30,30,0,65536,65536,65856,0,0,0,0,2007500,2001400,31.133
binary-64kib,aes-256-ofb,30,30,0,65536,65536,65856,0,0,999000,0,999100,1000500,62.556
binary-64kib,des-cbc,30,30,0,65536,65544,65848,1539100,1539100,1024999,1998000,2023500,2968700,30.887
binary-64kib,rc4-256,30,30,0,65536,65536,65828,998300,998300,419000,0,963400,566800,64.874
mock-id-png,aes-128-cbc,30,30,0,4104,4112,4431,0,0,0,0,1001500,1001900,3.908
mock-id-png,aes-128-cfb128,30,30,0,4104,4104,4426,0,0,0,0,0,998400,0.000
mock-id-png,aes-128-ctr,30,30,0,4104,4104,4423,0,0,0,0,1000200,999800,3.913
mock-id-png,aes-128-ofb,30,30,0,4104,4104,4423,0,0,0,0,1068500,996400,3.663
mock-id-png,aes-192-cbc,30,30,0,4104,4112,4431,0,0,0,0,0,1505100,0.000
mock-id-png,aes-192-cfb128,30,30,0,4104,4104,4426,0,0,0,0,996100,999300,3.929
mock-id-png,aes-192-ctr,30,30,0,4104,4104,4423,0,0,0,0,1508900,1510800,2.594
mock-id-png,aes-192-ofb,30,30,0,4104,4104,4423,510200,510200,0,0,1000900,0,3.910
mock-id-png,aes-256-cbc,30,30,0,4104,4112,4431,0,0,0,0,0,998400,0.000
mock-id-png,aes-256-cfb128,30,30,0,4104,4104,4426,0,0,0,0,1000600,1005400,3.912
mock-id-png,aes-256-ctr,30,30,0,4104,4104,4423,0,0,0,0,1000900,0,3.910
mock-id-png,aes-256-ofb,30,30,0,4104,4104,4423,0,0,0,0,999900,2002500,3.914
mock-id-png,des-cbc,30,30,0,4104,4112,4415,0,0,0,0,1000400,504900,3.912
mock-id-png,rc4-256,30,30,0,4104,4104,4395,0,0,0,0,508800,0,7.692
sample-docx,aes-128-cbc,30,30,0,8196,8208,8527,0,0,0,0,3004600,0,2.601
sample-docx,aes-128-cfb128,30,30,0,8196,8196,8518,0,0,0,0,0,998600,0.000
sample-docx,aes-128-ctr,30,30,0,8196,8196,8515,0,0,0,0,1730400,999500,4.517
sample-docx,aes-128-ofb,30,30,0,8196,8196,8515,0,0,0,0,997500,0,7.836
sample-docx,aes-192-cbc,30,30,0,8196,8208,8527,0,0,0,0,0,1038900,0.000
sample-docx,aes-192-cfb128,30,30,0,8196,8196,8518,999800,999800,0,0,1000200,0,7.815
sample-docx,aes-192-ctr,30,30,0,8196,8196,8515,0,0,0,0,1041400,0,7.506
sample-docx,aes-192-ofb,30,30,0,8196,8196,8515,0,0,0,0,0,0,0.000
sample-docx,aes-256-cbc,30,30,0,8196,8208,8527,0,0,0,0,1001200,2557900,7.807
sample-docx,aes-256-cfb128,30,30,0,8196,8196,8518,0,0,0,0,0,1001000,0.000
sample-docx,aes-256-ctr,30,30,0,8196,8196,8515,0,0,0,0,778500,529500,10.040
sample-docx,aes-256-ofb,30,30,0,8196,8196,8515,0,0,0,0,547300,1090300,14.282
sample-docx,des-cbc,30,30,0,8196,8200,8503,534900,534900,0,0,1078700,1115400,7.246
sample-docx,rc4-256,30,30,0,8196,8196,8487,0,0,0,0,999200,1507200,7.823
sample-mp4,aes-128-cbc,30,30,0,32780,32784,33104,0,0,0,0,1001200,1005900,31.224
sample-mp4,aes-128-cfb128,30,30,0,32780,32780,33103,0,0,0,0,999000,0,31.293
sample-mp4,aes-128-ctr,30,30,0,32780,32780,33100,0,0,0,0,556300,1096800,56.195
sample-mp4,aes-128-ofb,30,30,0,32780,32780,33100,0,0,0,0,555700,1160000,56.256
sample-mp4,aes-192-cbc,30,30,0,32780,32784,33104,0,0,0,0,1073600,528300,29.118
sample-mp4,aes-192-cfb128,30,30,0,32780,32780,33103,0,0,0,0,1119200,1059800,27.932
sample-mp4,aes-192-ctr,30,30,0,32780,32780,33100,0,0,0,0,0,1506500,0.000
sample-mp4,aes-192-ofb,30,30,0,32780,32780,33100,0,0,0,0,1315400,1012000,23.766
sample-mp4,aes-256-cbc,30,30,0,32780,32784,33104,1010000,1010000,0,1000000,998400,1000200,31.312
sample-mp4,aes-256-cfb128,30,30,0,32780,32780,33103,0,0,0,0,1001600,0,31.212
sample-mp4,aes-256-ctr,30,30,0,32780,32780,33100,1000400,1000400,0,0,1003800,1000600,31.143
sample-mp4,aes-256-ofb,30,30,0,32780,32780,33100,0,0,0,0,1508700,2088700,20.721
sample-mp4,des-cbc,30,30,0,32780,32784,33088,998500,998500,0,0,996200,0,31.381
sample-mp4,rc4-256,30,30,0,32780,32780,33072,0,0,0,0,1000300,999800,31.252
sample-pdf,aes-128-cbc,30,30,0,16425,16432,16752,0,0,0,0,0,1503300,0.000
sample-pdf,aes-128-cfb128,30,30,0,16425,16425,16748,0,0,0,0,0,0,0.000
sample-pdf,aes-128-ctr,30,30,0,16425,16425,16745,0,0,0,0,1000600,1002400,15.655
sample-pdf,aes-128-ofb,30,30,0,16425,16425,16745,0,0,0,0,1505700,636800,10.403
sample-pdf,aes-192-cbc,30,30,0,16425,16432,16752,0,0,0,0,0,1005800,0.000
sample-pdf,aes-192-cfb128,30,30,0,16425,16425,16748,0,0,0,0,999800,0,15.667
sample-pdf,aes-192-ctr,30,30,0,16425,16425,16745,0,0,0,0,1107500,0,14.144
sample-pdf,aes-192-ofb,30,30,0,16425,16425,16745,0,0,0,0,0,998600,0.000
sample-pdf,aes-256-cbc,30,30,0,16425,16432,16752,0,0,0,0,1349000,1053400,11.612
sample-pdf,aes-256-cfb128,30,30,0,16425,16425,16748,0,0,0,0,0,998800,0.000
sample-pdf,aes-256-ctr,30,30,0,16425,16425,16745,0,0,0,0,999100,0,15.678
sample-pdf,aes-256-ofb,30,30,0,16425,16425,16745,0,0,0,0,1507000,0,10.394
sample-pdf,des-cbc,30,30,0,16425,16432,16736,0,0,0,1006999,0,1007000,0.000
sample-pdf,rc4-256,30,30,0,16425,16425,16717,0,0,0,0,997200,2008000,15.708
small-pdf,aes-128-cbc,30,30,0,531,544,862,0,0,0,0,534700,1009700,0.947
small-pdf,aes-128-cfb128,30,30,0,531,531,852,0,0,0,0,1000200,1008400,0.506
small-pdf,aes-128-ctr,30,30,0,531,531,849,0,0,0,0,0,0,0.000
small-pdf,aes-128-ofb,30,30,0,531,531,849,0,0,0,0,1514900,1001200,0.334
small-pdf,aes-192-cbc,30,30,0,531,544,862,0,0,0,0,998500,510800,0.507
small-pdf,aes-192-cfb128,30,30,0,531,531,852,0,0,0,0,1122100,563200,0.451
small-pdf,aes-192-ctr,30,30,0,531,531,849,0,0,0,0,0,0,0.000
small-pdf,aes-192-ofb,30,30,0,531,531,849,0,0,0,0,1000700,0,0.506
small-pdf,aes-256-cbc,30,30,0,531,544,862,0,0,0,0,0,0,0.000
small-pdf,aes-256-cfb128,30,30,0,531,531,852,0,0,0,0,0,1000400,0.000
small-pdf,aes-256-ctr,30,30,0,531,531,849,0,0,0,0,0,0,0.000
small-pdf,aes-256-ofb,30,30,0,531,531,849,0,0,0,0,997500,0,0.508
small-pdf,des-cbc,30,30,0,531,536,838,0,0,0,0,0,0,0.000
small-pdf,rc4-256,30,30,0,531,531,821,0,0,0,0,0,0,0.000
